Promo Code,Compatible?,SEQNR,,,,,,,,,,,,,,,,,,Promo Code,,,,,,,,,,,,,,,,,,,Result20
THX 10$ Abv MRC 6 Months,No,655,,,,,,,,,,,,,,,,,,$5 Below MRC credit,,,,,,,,,,,,,,,,,,,,
$5 Below MRC credit,No,656,,,,,,,,,,,,,,,,,,THX 10$ Abv MRC 6 Months,,,,,,,,,,,,,,,,,,,,
THX 10$ Abv MRC 6 Months,No,1066,,,,,,,,,,,,,,,,,,FNF - 35% Off $60+ Plans,,,,,,,,,,,,,,,,,,,,
FNF - 35% Off $60+ Plans,No,1067,,,,,,,,,,,,,,,,,,THX 10$ Abv MRC 6 Months,,,,,,,,,,,,,,,,,,,,
THX 10$ Abv MRC 6 Months,No,1220,,,,,,,,,,,,,,,,,,CBM $5 for 10 months,,,,,,,,,,,,,,,,,,,,
CBM $5 for 10 months,No,1221,,,,,,,,,,,,,,,,,,THX 10$ Abv MRC 6 Months,,,,,,,,,,,,,,,,,,,,
THX 10$ Abv MRC 6 Months,No,1268,,,,,,,,,,,,,,,,,,CBM $10 for 10 months,,,,,,,,,,,,,,,,,,,,
CBM $10 for 10 months,No,1269,,,,,,,,,,,,,,,,,,THX 10$ Abv MRC 6 Months,,,,,,,,,,,,,,,,,,,,
THX 10$ Abv MRC 6 Months,No,6779,,,,,,,,,,,,,,,,,,10B $10 off Promo 60 8GB,,,,,,,,,,,,,,,,,,,,
Freedom 10 PA,No,6791,,,,,,,,,,,,,,,,,,10B $10 off Promo 60 8GB,,,,,,,,,,,,,,,,,,,,
Bring Your Own Phone $60 Postpaid,No,7163,,,,,,,,,,,,,,,,,,THX 10$ Abv MRC 6 Months,,,,,,,,,,,,,,,,,,,,
Bring Your Own Phone $60 Postpaid,No,7171,,,,,,,,,,,,,,,,,,Freedom 10 PA,,,,,,,,,,,,,,,,,,,,
Bring Your Own Phone $60 Prepaid,No,7205,,,,,,,,,,,,,,,,,,THX 10$ Abv MRC 6 Months,,,,,,,,,,,,,,,,,,,,
Bring Your Own Phone $60 Prepaid,No,7213,,,,,,,,,,,,,,,,,,Freedom 10 PA,,,,,,,,,,,,,,,,,,,,
THX 10$ Abv MRC 6 Months,No,7247,,,,,,,,,,,,,,,,,,Bring Your Own Phone $60 Postpaid,,,,,,,,,,,,,,,,,,,,
Freedom 10 PA,No,7255,,,,,,,,,,,,,,,,,,Bring Your Own Phone $60 Postpaid,,,,,,,,,,,,,,,,,,,,
THX 10$ Abv MRC 6 Months,No,7289,,,,,,,,,,,,,,,,,,Bring Your Own Phone $60 Prepaid,,,,,,,,,,,,,,,,,,,,
Freedom 10 PA,No,7297,,,,,,,,,,,,,,,,,,Bring Your Own Phone $60 Prepaid,,,,,,,,,,,,,,,,,,,,
Bring Your Own Phone $120 Postpaid,No,7331,,,,,,,,,,,,,,,,,,THX 10$ Abv MRC 6 Months,,,,,,,,,,,,,,,,,,,,
Bring Your Own Phone $120 Postpaid,No,7339,,,,,,,,,,,,,,,,,,Freedom 10 PA,,,,,,,,,,,,,,,,,,,,
Bring Your Own Phone $120 Prepaid,No,7373,,,,,,,,,,,,,,,,,,THX 10$ Abv MRC 6 Months,,,,,,,,,,,,,,,,,,,,
Bring Your Own Phone $120 Prepaid,No,7381,,,,,,,,,,,,,,,,,,Freedom 10 PA,,,,,,,,,,,,,,,,,,,,
THX 10$ Abv MRC 6 Months,No,7415,,,,,,,,,,,,,,,,,,Bring Your Own Phone $120 Postpaid,,,,,,,,,,,,,,,,,,,,
Freedom 10 PA,No,7423,,,,,,,,,,,,,,,,,,Bring Your Own Phone $120 Postpaid,,,,,,,,,,,,,,,,,,,,
THX 10$ Abv MRC 6 Months,No,7457,,,,,,,,,,,,,,,,,,Bring Your Own Phone $120 Prepaid,,,,,,,,,,,,,,,,,,,,
Freedom 10 PA,No,7465,,,,,,,,,,,,,,,,,,Bring Your Own Phone $120 Prepaid,,,,,,,,,,,,,,,,,,,,
CBM 25% off $40+ x 12mo,No,7841,,,,,,,,,,,,,,,,,,THX 10$ Abv MRC 6 Months,,,,,,,,,,,,,,,,,,,,
CBM 25% off $40+ x 12mo,No,7849,,,,,,,,,,,,,,,,,,Freedom 10 PA,,,,,,,,,,,,,,,,,,,,
THX 10$ Abv MRC 6 Months,No,7894,,,,,,,,,,,,,,,,,,CBM 25% off $40+ x 12mo,,,,,,,,,,,,,,,,,,,,
Freedom 10 PA,No,7902,,,,,,,,,,,,,,,,,,CBM 25% off $40+ x 12mo,,,,,,,,,,,,,,,,,,,,
$10 off for data addon for 24 months,No,12678,,,,,,,,,,,,,,,,,,Loyalty_Above_10_10,,,,,,,,,,,,,,,,,,,,
$10 off for data addon for 24 months,No,12684,,,,,,,,,,,,,,,,,,Supervisor_Above_10_10,,,,,,,,,,,,,,,,,,,,
$10 off for data addon for 24 months,No,12686,,,,,,,,,,,,,,,,,,Supervisor_Above_6_10,,,,,,,,,,,,,,,,,,,,
Loyalty_Above_10_10,No,12696,,,,,,,,,,,,,,,,,,$10 off for data addon for 24 months,,,,,,,,,,,,,,,,,,,,
Supervisor_Above_10_10,No,12702,,,,,,,,,,,,,,,,,,$10 off for data addon for 24 months,,,,,,,,,,,,,,,,,,,,
Supervisor_Above_6_10,No,12704,,,,,,,,,,,,,,,,,,$10 off for data addon for 24 months,,,,,,,,,,,,,,,,,,,,
Donation $65 Off x 6 Months,No,22860,,,,,,,,,,,,,,,,,,Loyalty_Above_10_10,,,,,,,,,,,,,,,,,,,,
Loyalty_Above_10_10,No,22861,,,,,,,,,,,,,,,,,,Donation $65 Off x 6 Months,,,,,,,,,,,,,,,,,,,,
Donation $65 Off x 12 Months,No,23173,,,,,,,,,,,,,,,,,,Loyalty_Above_10_10,,,,,,,,,,,,,,,,,,,,
Loyalty_Above_10_10,No,23174,,,,,,,,,,,,,,,,,,Donation $65 Off x 12 Months,,,,,,,,,,,,,,,,,,,,
$10 prepaid migration credit,No,32968,,,,,,,,,,,,,,,,,,Loyalty_Above_10_10,,,,,,,,,,,,,,,,,,,,
Loyalty_Above_10_10,No,32969,,,,,,,,,,,,,,,,,,$10 prepaid migration credit,,,,,,,,,,,,,,,,,,,,
Donation $65 Off x 12 Mo,No,47785,,,,,,,,,,,,,,,,,,Loyalty_Above_10_10,,,,,,,,,,,,,,,,,,,,
Loyalty_Above_10_10,No,47994,,,,,,,,,,,,,,,,,,Donation $65 Off x 12 Mo,,,,,,,,,,,,,,,,,,,,
$6 Per Month Rate Plan Discount,No,48394,,,,,,,,,,,,,,,,,,Loyalty_Above_10_10,,,,,,,,,,,,,,,,,,,,
Loyalty_Above_10_10,No,48540,,,,,,,,,,,,,,,,,,$6 Per Month Rate Plan Discount,,,,,,,,,,,,,,,,,,,,
1A5 $5 Off x 24 Months,No,81320,,,,,,,,,,,,,,,,,,BYOP 150 Prepaid,,,,,,,,,,,,,,,,,,,,
BYOP 150 Prepaid,No,81590,,,,,,,,,,,,,,,,,,1A5 $5 Off x 24 Months,,,,,,,,,,,,,,,,,,,,
1U5 $5 Off x 24 Months,No,81861,,,,,,,,,,,,,,,,,,BYOP 150 Prepaid,,,,,,,,,,,,,,,,,,,,
BYOP 150 Prepaid,No,82131,,,,,,,,,,,,,,,,,,1U5 $5 Off x 24 Months,,,,,,,,,,,,,,,,,,,,
1A6 $10 Off x 24 Months,No,82402,,,,,,,,,,,,,,,,,,BYOP 150 Prepaid,,,,,,,,,,,,,,,,,,,,
BYOP 150 Prepaid,No,82672,,,,,,,,,,,,,,,,,,1A6 $10 Off x 24 Months,,,,,,,,,,,,,,,,,,,,
1U6 $10 Off x 24 Months,No,82943,,,,,,,,,,,,,,,,,,BYOP 150 Prepaid,,,,,,,,,,,,,,,,,,,,
BYOP 150 Prepaid,No,83213,,,,,,,,,,,,,,,,,,1U6 $10 Off x 24 Months,,,,,,,,,,,,,,,,,,,,
BYOP 150 Prepaid,No,83506,,,,,,,,,,,,,,,,,,Bring Your Own Phone $360 Prepaid,,,,,,,,,,,,,,,,,,,,
Bring Your Own Phone $360 Prepaid,No,83791,,,,,,,,,,,,,,,,,,BYOP 150 Prepaid,,,,,,,,,,,,,,,,,,,,
$135 AAL discount,No,84230,,,,,,,,,,,,,,,,,,BYOP 150 Prepaid,,,,,,,,,,,,,,,,,,,,
$216 AAL discount,No,84509,,,,,,,,,,,,,,,,,,BYOP 150 Prepaid,,,,,,,,,,,,,,,,,,,,
BYOP 150 Prepaid,No,84788,,,,,,,,,,,,,,,,,,$216 AAL discount,,,,,,,,,,,,,,,,,,,,
BYOP 150 Prepaid,No,85067,,,,,,,,,,,,,,,,,,$135 AAL discount,,,,,,,,,,,,,,,,,,,,
$225 Service Credit,No,85175,,,,,,,,,,,,,,,,,,BYOP 150 Prepaid,,,,,,,,,,,,,,,,,,,,
BYOP 150 Prepaid,No,85452,,,,,,,,,,,,,,,,,,$225 Service Credit,,,,,,,,,,,,,,,,,,,,
50P 50% Off x 6 Months,No,85730,,,,,,,,,,,,,,,,,,BYOP 150 Prepaid,,,,,,,,,,,,,,,,,,,,
BYOP 150 Prepaid,No,86009,,,,,,,,,,,,,,,,,,50P 50% Off x 6 Months,,,,,,,,,,,,,,,,,,,,
EP Rate Plan Discount,No,111429,,,,,,,,,,,,,,,,,,Supervisor_Above_6_10,,,,,,,,,,,,,,,,,,,,
EP Rate Plan Discount,No,111430,,,,,,,,,,,,,,,,,,Supervisor_Above_10_10,,,,,,,,,,,,,,,,,,,,
EP Rate Plan Discount,No,111431,,,,,,,,,,,,,,,,,,Loyalty_Above_10_10,,,,,,,,,,,,,,,,,,,,
EP Rate Plan Discount,No,111432,,,,,,,,,,,,,,,,,,BYOP 150 Prepaid,,,,,,,,,,,,,,,,,,,,
EP Rate Plan Discount,No,111433,,,,,,,,,,,,,,,,,,Freedom 10 PA,,,,,,,,,,,,,,,,,,,,
EP Rate Plan Discount,No,111434,,,,,,,,,,,,,,,,,,THX 10$ Abv MRC 6 Months,,,,,,,,,,,,,,,,,,,,
Supervisor_Above_6_10,No,112144,,,,,,,,,,,,,,,,,,EP Rate Plan Discount,,,,,,,,,,,,,,,,,,,,
Supervisor_Above_10_10,No,112145,,,,,,,,,,,,,,,,,,EP Rate Plan Discount,,,,,,,,,,,,,,,,,,,,
Loyalty_Above_10_10,No,112146,,,,,,,,,,,,,,,,,,EP Rate Plan Discount,,,,,,,,,,,,,,,,,,,,
BYOP 150 Prepaid,No,112147,,,,,,,,,,,,,,,,,,EP Rate Plan Discount,,,,,,,,,,,,,,,,,,,,
Freedom 10 PA,No,112148,,,,,,,,,,,,,,,,,,EP Rate Plan Discount,,,,,,,,,,,,,,,,,,,,
THX 10$ Abv MRC 6 Months,No,112149,,,,,,,,,,,,,,,,,,EP Rate Plan Discount,,,,,,,,,,,,,,,,,,,,
EP AddOn Discount,No,112859,,,,,,,,,,,,,,,,,,Supervisor_Above_6_10,,,,,,,,,,,,,,,,,,,,
EP AddOn Discount,No,112860,,,,,,,,,,,,,,,,,,Supervisor_Above_10_10,,,,,,,,,,,,,,,,,,,,
EP AddOn Discount,No,112861,,,,,,,,,,,,,,,,,,Loyalty_Above_10_10,,,,,,,,,,,,,,,,,,,,
EP AddOn Discount,No,112862,,,,,,,,,,,,,,,,,,BYOP 150 Prepaid,,,,,,,,,,,,,,,,,,,,
EP AddOn Discount,No,112863,,,,,,,,,,,,,,,,,,Freedom 10 PA,,,,,,,,,,,,,,,,,,,,
EP AddOn Discount,No,112864,,,,,,,,,,,,,,,,,,THX 10$ Abv MRC 6 Months,,,,,,,,,,,,,,,,,,,,
Supervisor_Above_6_10,No,113573,,,,,,,,,,,,,,,,,,EP AddOn Discount,,,,,,,,,,,,,,,,,,,,
Supervisor_Above_10_10,No,113574,,,,,,,,,,,,,,,,,,EP AddOn Discount,,,,,,,,,,,,,,,,,,,,
Loyalty_Above_10_10,No,113575,,,,,,,,,,,,,,,,,,EP AddOn Discount,,,,,,,,,,,,,,,,,,,,
BYOP 150 Prepaid,No,113576,,,,,,,,,,,,,,,,,,EP AddOn Discount,,,,,,,,,,,,,,,,,,,,
Freedom 10 PA,No,113577,,,,,,,,,,,,,,,,,,EP AddOn Discount,,,,,,,,,,,,,,,,,,,,
THX 10$ Abv MRC 6 Months,No,113578,,,,,,,,,,,,,,,,,,EP AddOn Discount,,,,,,,,,,,,,,,,,,,,
1A7 $4 Off x 24 Months,No,114290,,,,,,,,,,,,,,,,,,THX 10$ Abv MRC 6 Months,,,,,,,,,,,,,,,,,,,,
THX 10$ Abv MRC 6 Months,No,114647,,,,,,,,,,,,,,,,,,1A7 $4 Off x 24 Months,,,,,,,,,,,,,,,,,,,,
1U7 $4 Off x 24 Months,No,115004,,,,,,,,,,,,,,,,,,THX 10$ Abv MRC 6 Months,,,,,,,,,,,,,,,,,,,,
THX 10$ Abv MRC 6 Months,No,115361,,,,,,,,,,,,,,,,,,1U7 $4 Off x 24 Months,,,,,,,,,,,,,,,,,,,,
